Vessel_Name,Leg_Number,Market_Cargo_ID,Load_Port,Discharge_Port,Quantity_MT,Freight_Rate,Leg_Profit,Leg_TCE,Incremental_Profit,Fuel_Cost,Hire_Cost,Total_Days,Position_In_Sequence,Previous_Cargo
ANN BELL,1,MARKET_8,TUBARAO,TELUK RUBIAH,180000,22.3,1252897.9383927337,17669.622204917567,1252897.9383927337,1546154.452645161,833155.9444444444,70.90688888888889,First leg,START
PACIFIC GLORY,1,MARKET_5,VANCOUVER (CANADA),FANGCHENG,160000,25.0,2126899.7824966977,57758.26191854041,2126899.7824966977,810117.7037848852,544997.6459704832,36.82416526827589,First leg,START
GOLDEN ASCENT,1,MARKET_1,DAMPIER,QINGDAO,170000,9.0,408575.3873229732,18284.900291637357,408575.3873229732,454556.7821790158,311712.208557255,22.3449611869,First leg,START
GOLDEN ASCENT,2,MARKET_4,TABONEO,KRISHNAPATNAM,150000,10.0,416148.3685111597,16986.121397988252,416148.3685111597,515576.5908840332,341765.46868540713,24.499316751642088,After leg 1,MARKET_1
