Vessel_Name,Leg_Number,Market_Cargo_ID,Load_Port,Discharge_Port,Quantity_MT,Freight_Rate,Leg_Profit,Leg_TCE,Incremental_Profit,Fuel_Cost,Hire_Cost,Total_Days,Position_In_Sequence,Previous_Cargo
ANN BELL,1,MARKET_6,KAMSAR ANCHORAGE,NEW MANGALORE,175000,23.0,1451754.433968254,19925.867604639607,1451754.433968254,1466541.677142857,856078.888888889,72.85777777777778,First leg,START
PACIFIC GLORY,1,MARKET_5,VANCOUVER (CANADA),FANGCHENG,160000,25.0,2204884.650244632,59876.02527257136,2204884.650244632,810117.7037848852,544997.6459704832,36.82416526827589,First leg,START
GOLDEN ASCENT,1,MARKET_1,DAMPIER,QINGDAO,170000,9.0,466356.0092637292,20870.74599785548,466356.0092637292,454556.7821790158,311712.208557255,22.3449611869,First leg,START
GOLDEN ASCENT,2,MARKET_4,TABONEO,KRISHNAPATNAM,150000,10.0,515157.9404305597,21027.441118170398,515157.9404305597,515576.5908840332,341765.46868540713,24.499316751642088,After leg 1,MARKET_1
