Vessel_Type,Vessel_Name,Total_Legs,Committed_Cargoes,Market_Cargoes,Total_Profit,Total_Days,Overall_TCE,Total_Fuel_Cost,Total_Hire_Cost,Total_Port_Costs
Cargill,ANN BELL,1,0,1,1451754.433968254,72.85777777777778,19925.867604639607,1466541.677142857,856078.888888889,150000.0
Cargill,PACIFIC GLORY,1,0,1,2204884.650244632,36.82416526827589,59876.02527257136,810117.7037848852,544997.6459704832,290000.0
Cargill,GOLDEN ASCENT,2,0,2,981513.9496942889,46.84427793854209,20952.696740933818,970133.373063049,653477.6772426621,330000.0
Market,ATLANTIC FORTUNE,1,1,0,564564.4870546905,23.13847608243524,24399.380713030612,441435.51294530946,0.0,380000.0
Market,CORAL EMPEROR,1,1,0,2624078.867735535,68.30039682539682,38419.67235481416,1074396.1322644649,0.0,165000.0
Market,IRON CENTURY,1,1,0,3048142.473481183,63.716233333333335,47839.33879981161,1040107.5265188172,0.0,0.0
