Vessel_Type,Vessel_Name,Total_Legs,Committed_Cargoes,Market_Cargoes,Total_Profit,Total_Days,Overall_TCE,Total_Fuel_Cost,Total_Hire_Cost,Total_Port_Costs
Cargill,ANN BELL,1,0,1,1252897.9383927337,70.90688888888889,17669.622204917567,1546154.452645161,833155.9444444444,165000.0
Cargill,PACIFIC GLORY,1,0,1,2126899.7824966977,36.82416526827589,57758.26191854041,810117.7037848852,544997.6459704832,290000.0
Cargill,GOLDEN ASCENT,2,0,2,824723.7558341329,46.84427793854209,17605.645601286436,970133.373063049,653477.6772426621,330000.0
Market,ATLANTIC FORTUNE,1,1,0,122094.00824154186,23.13847608243524,5276.665922447038,441435.51294530946,426997.4376252599,380000.0
Market,CORAL EMPEROR,1,1,0,1668986.2093041276,68.61014893762382,24325.646207552596,1049703.466195446,1266131.68849491,0.0
Market,IRON CENTURY,1,1,0,1385020.023490086,64.43379999999999,21495.24044042236,1066852.4326209677,1189061.3451999999,165000.0
