Vessel_Type,Vessel_Name,Status,Total_Legs,Committed_Cargoes,Market_Cargoes,Total_Profit,Total_Days,Overall_TCE,Hire_Rate
Cargill,ANN BELL,ASSIGNED,1,0,1,1451754.433968254,72.85777777777778,19925.867604639607,11750.0
Cargill,OCEAN HORIZON,IDLE,0,0,0,0.0,0.0,0.0,15750.0
Cargill,PACIFIC GLORY,ASSIGNED,1,0,1,2204884.6502446313,36.82416526827589,59876.02527257135,14800.0
Cargill,GOLDEN ASCENT,ASSIGNED,2,0,2,981513.9496942889,46.84427793854209,20952.696740933818,13950.0
Market,ATLANTIC FORTUNE,ASSIGNED,1,1,0,137567.04942943057,23.13847608243524,5945.380713030611,18454.0
Market,CORAL EMPEROR,ASSIGNED,1,1,0,1363663.344719662,68.30039682539682,19965.67235481416,18454.0
Market,IRON CENTURY,ASSIGNED,1,1,0,1872323.1035478495,63.716233333333335,29385.338799811605,18454.0
