{
  "total_vessels": 6,
  "cargill_vessels": 3,
  "market_vessels": 3,
  "total_cargoes": 7,
  "committed_cargoes": 3,
  "market_cargoes": 4,
  "base_portfolio_profit": 8011706.531604117,
  "risk_adjusted_portfolio_profit": 7913515.76104153,
  "risk_impact": -98190.77056258637,
  "average_tce": 25285.210265841888,
  "risk_adjusted_average_tce": 21147.81292836996,
  "total_risk_delay_days": 74.38713294210416,
  "total_demurrage_exposure": 0.0,
  "average_fuel_adjustment_pct": 1.215348127847065,
  "assignments": [
    {
      "vessel": "ANN BELL",
      "fleet": "Cargill",
      "cargo": "MARKET_6",
      "route": "KAMSAR ANCHORAGE \u2192 NEW MANGALORE",
      "base_profit": 1451754.433968254,
      "risk_adjusted_profit": 1389403.4832606267,
      "base_tce": 19925.867604639607,
      "risk_adjusted_tce": 14227.306211137175,
      "voyage_days": 72.85777777777778,
      "risk_adjusted_days": 97.65752298021096,
      "total_delay_days": 24.891700034211077,
      "demurrage_cost": 0.0,
      "fuel_adjustment_pct": 4.251563503404854
    },
    {
      "vessel": "PACIFIC GLORY",
      "fleet": "Cargill",
      "cargo": "MARKET_5",
      "route": "VANCOUVER (CANADA) \u2192 FANGCHENG",
      "base_profit": 2204884.6502446313,
      "risk_adjusted_profit": 2112484.246807115,
      "base_tce": 59876.02527257135,
      "risk_adjusted_tce": 56392.932952280324,
      "voyage_days": 36.82416526827589,
      "risk_adjusted_days": 37.46008828082587,
      "total_delay_days": 0.661097083668776,
      "demurrage_cost": 0.0,
      "fuel_adjustment_pct": 11.405799799932769
    },
    {
      "vessel": "GOLDEN ASCENT",
      "fleet": "Cargill",
      "cargo": "MARKET_1",
      "route": "DAMPIER \u2192 QINGDAO",
      "base_profit": 466356.0092637292,
      "risk_adjusted_profit": 449452.96613385394,
      "base_tce": 20870.74599785548,
      "risk_adjusted_tce": 16492.37976216004,
      "voyage_days": 22.3449611869,
      "risk_adjusted_days": 27.252159640725385,
      "total_delay_days": 4.897928388360636,
      "demurrage_cost": 0.0,
      "fuel_adjustment_pct": 3.7185768186863033
    },
    {
      "vessel": "GOLDEN ASCENT",
      "fleet": "Cargill",
      "cargo": "MARKET_4",
      "route": "TABONEO \u2192 KRISHNAPATNAM",
      "base_profit": 515157.9404305597,
      "risk_adjusted_profit": 571903.2759460207,
      "base_tce": 21027.4411181704,
      "risk_adjusted_tce": 10959.664860329229,
      "voyage_days": 24.499316751642088,
      "risk_adjusted_days": 52.1825514953603,
      "total_delay_days": 27.709729156423325,
      "demurrage_cost": 0.0,
      "fuel_adjustment_pct": -11.0061892876406
    },
    {
      "vessel": "ATLANTIC FORTUNE",
      "fleet": "Market",
      "cargo": "CARGILL_2",
      "route": "PORT HEDLAND \u2192 LIANYUNGANG",
      "base_profit": 137567.04942943057,
      "risk_adjusted_profit": 125053.79482079594,
      "base_tce": 5945.380713030611,
      "risk_adjusted_tce": 4820.5390023761465,
      "voyage_days": 23.13847608243524,
      "risk_adjusted_days": 25.941869728500123,
      "total_delay_days": 2.805766668258435,
      "demurrage_cost": 0.0,
      "fuel_adjustment_pct": 2.834673296931811
    },
    {
      "vessel": "CORAL EMPEROR",
      "fleet": "Market",
      "cargo": "CARGILL_3",
      "route": "ITAGUAI \u2192 QINGDAO",
      "base_profit": 1363663.344719662,
      "risk_adjusted_profit": 1400636.688632415,
      "base_tce": 19965.67235481416,
      "risk_adjusted_tce": 18699.239735639865,
      "voyage_days": 68.30039682539682,
      "risk_adjusted_days": 74.90340294225265,
      "total_delay_days": 6.679649332328659,
      "demurrage_cost": 0.0,
      "fuel_adjustment_pct": -3.4413139439384843
    },
    {
      "vessel": "IRON CENTURY",
      "fleet": "Market",
      "cargo": "CARGILL_1",
      "route": "KAMSAR ANCHORAGE \u2192 QINGDAO",
      "base_profit": 1872323.1035478497,
      "risk_adjusted_profit": 1864581.3054407034,
      "base_tce": 29385.338799811605,
      "risk_adjusted_tce": 26442.62797466694,
      "voyage_days": 63.716233333333335,
      "risk_adjusted_days": 70.51422072068799,
      "total_delay_days": 6.741262278853256,
      "demurrage_cost": 0.0,
      "fuel_adjustment_pct": 0.7443267075528004
    }
  ],
  "risk_metrics": {
    "average_weather_delay_days": 0.6545280506754104,
    "average_congestion_delay_days": 1.8293480839108989,
    "average_waiting_days_risk": 8.142857142857142,
    "average_laycan_breach_prob": 0.0,
    "average_demurrage_prob": 0.01982142857142857
  }
}