{
  "total_portfolio_profit": 8011706.531604117,
  "cargill_vessel_profit": 4638153.033907174,
  "market_vessel_cost": 3373553.497696942,
  "committed_cargoes_assigned": 3,
  "market_cargoes_taken": 4,
  "total_assignments": 7,
  "idle_vessels": 1,
  "market_vessel_hire_rate_source": "FFA 5TC (Baltic Exchange)",
  "assignments": [
    {
      "Vessel_Type": "Cargill",
      "Vessel_Name": "ANN BELL",
      "Leg_Number": 1,
      "Cargo_Type": "Market",
      "Cargo_ID": "MARKET_6",
      "Load_Port": "KAMSAR ANCHORAGE",
      "Discharge_Port": "NEW MANGALORE",
      "Quantity_MT": 175000,
      "Leg_Profit": 1451754.433968254,
      "Cumulative_Profit": 1451754.433968254,
      "Leg_Days": 72.85777777777778,
      "Cumulative_Days": 72.85777777777778,
      "TCE_Leg": 19925.867604639607,
      "TCE_Cumulative": 19925.867604639607,
      "Revenue": 4025000.0,
      "Fuel_Cost": 1466541.677142857,
      "Fuel_Cost_Ballast": 907019.1771428571,
      "Fuel_Cost_Waiting": 6621.066666666667,
      "Fuel_Cost_Laden": 551483.3333333333,
      "Fuel_Cost_Port": 1418.1,
      "Hire_Cost": 856078.888888889,
      "Port_Costs": 150000.0,
      "Commission": 100625.0,
      "Days_Ballast": 37.08,
      "Days_Waiting": 7.0,
      "Days_Laden": 27.77777777777778,
      "Days_Port": 1.0,
      "Ballast_Distance": 11124.0,
      "Laden_Distance": 8000.0
    },
    {
      "Vessel_Type": "Cargill",
      "Vessel_Name": "PACIFIC GLORY",
      "Leg_Number": 1,
      "Cargo_Type": "Market",
      "Cargo_ID": "MARKET_5",
      "Load_Port": "VANCOUVER (CANADA)",
      "Discharge_Port": "FANGCHENG",
      "Quantity_MT": 160000,
      "Leg_Profit": 2204884.6502446313,
      "Cumulative_Profit": 2204884.6502446313,
      "Leg_Days": 36.82416526827589,
      "Cumulative_Days": 36.82416526827589,
      "TCE_Leg": 59876.02527257135,
      "TCE_Cumulative": 59876.02527257135,
      "Revenue": 4000000.0,
      "Fuel_Cost": 810117.7037848852,
      "Fuel_Cost_Ballast": 380474.89560579124,
      "Fuel_Cost_Waiting": 0.0,
      "Fuel_Cost_Laden": 427513.1468887714,
      "Fuel_Cost_Port": 2129.6612903225805,
      "Hire_Cost": 544997.6459704832,
      "Port_Costs": 290000.0,
      "Commission": 150000.0,
      "Days_Ballast": 14.793700787401576,
      "Days_Waiting": 0.0,
      "Days_Laden": 20.53046448087432,
      "Days_Port": 1.5,
      "Ballast_Distance": 4509.12,
      "Laden_Distance": 6011.32
    },
    {
      "Vessel_Type": "Cargill",
      "Vessel_Name": "GOLDEN ASCENT",
      "Leg_Number": 1,
      "Cargo_Type": "Market",
      "Cargo_ID": "MARKET_1",
      "Load_Port": "DAMPIER",
      "Discharge_Port": "QINGDAO",
      "Quantity_MT": 170000,
      "Leg_Profit": 466356.0092637292,
      "Cumulative_Profit": 466356.0092637292,
      "Leg_Days": 22.3449611869,
      "Cumulative_Days": 22.3449611869,
      "TCE_Leg": 20870.74599785548,
      "TCE_Cumulative": 20870.74599785548,
      "Revenue": 1530000.0,
      "Fuel_Cost": 454556.7821790158,
      "Fuel_Cost_Ballast": 216216.71498382723,
      "Fuel_Cost_Waiting": 0.0,
      "Fuel_Cost_Laden": 236063.9671951886,
      "Fuel_Cost_Port": 2276.1000000000004,
      "Hire_Cost": 311712.208557255,
      "Port_Costs": 240000.0,
      "Commission": 57375.0,
      "Days_Ballast": 9.082249322493224,
      "Days_Waiting": 0.0,
      "Days_Laden": 11.762711864406777,
      "Days_Port": 1.5,
      "Ballast_Distance": 2681.08,
      "Laden_Distance": 3331.2
    },
    {
      "Vessel_Type": "Cargill",
      "Vessel_Name": "GOLDEN ASCENT",
      "Leg_Number": 2,
      "Cargo_Type": "Market",
      "Cargo_ID": "MARKET_4",
      "Load_Port": "TABONEO",
      "Discharge_Port": "KRISHNAPATNAM",
      "Quantity_MT": 150000,
      "Leg_Profit": 515157.9404305597,
      "Cumulative_Profit": 981513.9496942889,
      "Leg_Days": 24.499316751642088,
      "Cumulative_Days": 46.84427793854209,
      "TCE_Leg": 21027.441118170398,
      "TCE_Cumulative": 20952.696740933818,
      "Revenue": 1500000.0,
      "Fuel_Cost": 515576.5908840332,
      "Fuel_Cost_Ballast": 342554.92266369425,
      "Fuel_Cost_Waiting": 0.0,
      "Fuel_Cost_Laden": 170747.81822033896,
      "Fuel_Cost_Port": 2273.8500000000004,
      "Hire_Cost": 341765.46868540713,
      "Port_Costs": 90000.0,
      "Commission": 37500.0,
      "Days_Ballast": 14.482791327913276,
      "Days_Waiting": 0.0,
      "Days_Laden": 8.516525423728812,
      "Days_Port": 1.5,
      "Ballast_Distance": 4275.32,
      "Laden_Distance": 2411.88
    },
    {
      "Vessel_Type": "Market",
      "Vessel_Name": "ATLANTIC FORTUNE",
      "Leg_Number": 1,
      "Cargo_Type": "Committed",
      "Cargo_ID": "CARGILL_2",
      "Load_Port": "PORT HEDLAND",
      "Discharge_Port": "LIANYUNGANG",
      "Quantity_MT": 160000,
      "Leg_Profit": 137567.04942943057,
      "Cumulative_Profit": 137567.04942943057,
      "Leg_Days": 23.13847608243524,
      "Cumulative_Days": 23.13847608243524,
      "TCE_Leg": 5945.380713030611,
      "TCE_Cumulative": 5945.380713030611,
      "Revenue": 1440000.0,
      "Fuel_Cost": 441435.51294530946,
      "Fuel_Cost_Ballast": 186335.87171792946,
      "Fuel_Cost_Waiting": 0.0,
      "Fuel_Cost_Laden": 252896.09284028324,
      "Fuel_Cost_Port": 2203.5483870967746,
      "Hire_Cost": 426997.4376252599,
      "Port_Costs": 380000.0,
      "Commission": 54000.0,
      "Days_Ballast": 9.627906976744185,
      "Days_Waiting": 0.0,
      "Days_Laden": 12.010569105691054,
      "Days_Port": 1.5,
      "Ballast_Distance": 2980.8,
      "Laden_Distance": 3545.52
    },
    {
      "Vessel_Type": "Market",
      "Vessel_Name": "CORAL EMPEROR",
      "Leg_Number": 1,
      "Cargo_Type": "Committed",
      "Cargo_ID": "CARGILL_3",
      "Load_Port": "ITAGUAI",
      "Discharge_Port": "QINGDAO",
      "Quantity_MT": 180000,
      "Leg_Profit": 1363663.344719662,
      "Cumulative_Profit": 1363663.344719662,
      "Leg_Days": 68.30039682539682,
      "Cumulative_Days": 68.30039682539682,
      "TCE_Leg": 19965.67235481416,
      "TCE_Cumulative": 19965.67235481416,
      "Revenue": 4014000.0,
      "Fuel_Cost": 1074396.1322644649,
      "Fuel_Cost_Ballast": 310757.74574372754,
      "Fuel_Cost_Waiting": 8519.225806451612,
      "Fuel_Cost_Laden": 753286.2857142857,
      "Fuel_Cost_Port": 1832.875,
      "Hire_Cost": 1260415.5230158728,
      "Port_Costs": 165000.0,
      "Commission": 150525.0,
      "Days_Ballast": 18.236111111111107,
      "Days_Waiting": 9.0,
      "Days_Laden": 39.81428571428571,
      "Days_Port": 1.25,
      "Ballast_Distance": 5383.3,
      "Laden_Distance": 11370.96
    },
    {
      "Vessel_Type": "Market",
      "Vessel_Name": "IRON CENTURY",
      "Leg_Number": 1,
      "Cargo_Type": "Committed",
      "Cargo_ID": "CARGILL_1",
      "Load_Port": "KAMSAR ANCHORAGE",
      "Discharge_Port": "QINGDAO",
      "Quantity_MT": 180000,
      "Leg_Profit": 1872323.1035478495,
      "Cumulative_Profit": 1872323.1035478495,
      "Leg_Days": 63.716233333333335,
      "Cumulative_Days": 63.716233333333335,
      "TCE_Leg": 29385.338799811605,
      "TCE_Cumulative": 29385.338799811605,
      "Revenue": 4140000.0,
      "Fuel_Cost": 1040107.5265188172,
      "Fuel_Cost_Ballast": 281642.0021370968,
      "Fuel_Cost_Waiting": 7950.1935483870975,
      "Fuel_Cost_Laden": 749001.8375,
      "Fuel_Cost_Port": 1513.4933333333336,
      "Hire_Cost": 1175819.3699333335,
      "Port_Costs": 0.0,
      "Commission": 51750.0,
      "Days_Ballast": 16.09123333333333,
      "Days_Waiting": 8.0,
      "Days_Laden": 38.625,
      "Days_Port": 1.0,
      "Ballast_Distance": 4827.37,
      "Laden_Distance": 11124.0
    }
  ],
  "vessel_summary": [
    {
      "Vessel_Type": "Cargill",
      "Vessel_Name": "ANN BELL",
      "Status": "ASSIGNED",
      "Total_Legs": 1,
      "Committed_Cargoes": 0,
      "Market_Cargoes": 1,
      "Total_Profit": 1451754.433968254,
      "Total_Days": 72.85777777777778,
      "Overall_TCE": 19925.867604639607,